Entity,Code,Year,pop_missreg_bmr_owid,pop_nondem_womsuffr_bmr_owid,pop_dem_womsuffr_bmr_owid
Africa,,1800,78771175,2500000,0
Africa,,1801,78804425,2509126,0
Africa,,1802,78900614,2518286,0
Africa,,1803,78998142,2527479,0
Africa,,1804,79097025,2536706,0
Africa,,1805,79197280,2545967,0
Africa,,1806,79298913,2555261,0
Africa,,1807,79401939,2564589,0
Africa,,1808,79506381,2573951,0
Africa,,1809,79612248,2583348,0
Africa,,1810,79792775,2592813,0
Africa,,1811,79838656,2602278,0
Africa,,1812,79967795,2611778,0
Africa,,1813,80108304,2621312,0
Africa,,1814,80260577,2630882,0
Africa,,1815,80424755,2640486,0
Africa,,1816,80600999,2650125,0
Africa,,1817,80789461,2659800,0
Africa,,1818,80990294,2669510,0
Africa,,1819,81276117,2678317,0
Africa,,1820,81730483,2686218,0
Africa,,1821,82118434,2693207,0
Africa,,1822,82677488,2699278,0
Africa,,1823,83351678,2704427,0
Africa,,1824,84046333,2709586,0
Africa,,1825,84761783,2714755,0
Africa,,1826,85498342,2719934,0
Africa,,1827,86256352,2725122,0
Africa,,1828,87036152,2730320,0
Africa,,1829,87838375,2735529,0
Africa,,1830,88753281,2740747,0
Africa,,1831,89511585,2745975,0
Africa,,1832,90374136,2751213,0
Africa,,1833,91251331,2756461,0
Africa,,1834,92143115,2761719,0
Africa,,1835,93049779,2766987,0
Africa,,1836,93971584,2772266,0
Africa,,1837,94908803,2777554,0
Africa,,1838,95861729,2782852,0
Africa,,1839,96849954,2788161,0
Africa,,1840,97979170,2793479,0
Africa,,1841,98935707,2798808,0
Africa,,1842,100034999,2804147,0
Africa,,1843,101173125,2809496,0
Africa,,1844,102331704,2814855,0
Africa,,1845,103511169,2820225,0
Africa,,1846,104711929,2825605,0
Africa,,1847,105606035,3159377,0
Africa,,1848,106850129,3165340,0
Africa,,1849,107980209,3176197,0
Africa,,1850,109103364,3192006,0
Africa,,1851,109632875,3213287,0
Africa,,1852,110145618,3239640,0
Africa,,1853,110530808,3271122,0
Africa,,1854,110919366,3302914,0
Africa,,1855,92918046,21728335,0
Africa,,1856,93321667,21752614,0
Africa,,1857,93728854,21777212,0
Africa,,1858,94139678,21802129,0
Africa,,1859,94562803,21827439,0
Africa,,1860,95163127,21853148,0
Africa,,1861,95445828,21879260,0
Africa,,1862,95905635,21905779,0
Africa,,1863,96377567,21932710,0
Africa,,1864,96852933,21959985,0
Africa,,1865,97331767,21987608,0
Africa,,1866,97814095,22015584,0
Africa,,1867,98299945,22043915,0
Africa,,1868,98789336,22072604,0
Africa,,1869,99294481,22101732,0
Africa,,1870,99999269,22131304,0
Africa,,1871,100351160,22161323,0
Africa,,1872,100904731,22191797,0
Africa,,1873,101474841,22222729,0
Africa,,1874,102049475,22254049,0
Africa,,1875,102628675,22285759,0
Africa,,1876,103212465,22317864,0
Africa,,1877,103800892,22350367,0
Africa,,1878,104393998,22383274,0
Africa,,1879,105001992,22416587,0
Africa,,1880,105806808,22450311,0
Africa,,1881,106263123,22484449,0
Africa,,1882,106916484,22519006,0
Africa,,1883,107585192,22553985,0
Africa,,1884,108259211,22589392,0
Africa,,1885,108938573,22625230,0
Africa,,1886,109623337,22661504,0
Africa,,1887,110313546,22698219,0
Africa,,1888,111009251,22735377,0
Africa,,1889,111621735,22772684,0
Africa,,1890,112319244,22810141,0
Africa,,1891,112597653,22847746,0
Africa,,1892,112961384,22885497,0
Africa,,1893,113242502,22923391,0
Africa,,1894,113529898,22961726,0
Africa,,1895,113823612,23000506,0
Africa,,1896,114123691,23039736,0
Africa,,1897,114430170,23079421,0
Africa,,1898,114743098,23119563,0
Africa,,1899,115077271,23166285,0
Africa,,1900,115607618,23219751,0
Africa,,1901,115814513,23280124,0
Africa,,1902,116220190,23347577,0
Africa,,1903,116652326,23422280,0
Africa,,1904,117097251,23498294,0
Africa,,1905,117555072,23575639,0
Africa,,1906,118025897,23654336,0
Africa,,1907,118509849,23734407,0
Africa,,1908,119007047,23815876,0
Africa,,1909,119520862,23886310,0
Africa,,1910,113885743,30284869,0
Africa,,1911,114145575,30441410,0
Africa,,1912,120144147,25036598,0
Africa,,1913,120632337,25142888,0
Africa,,1914,121127380,25251050,0
Africa,,1915,121629336,25361115,0
Africa,,1916,122138266,25473115,0
Africa,,1917,122654227,25587079,0
Africa,,1918,123151638,25701008,0
Africa,,1919,123889109,25825943,0
Africa,,1920,125045365,25962235,0
Africa,,1921,126098466,26110242,0
Africa,,1922,114986499,38861449,0
Africa,,1923,116579883,39174354,0
Africa,,1924,118196554,39492397,0
Africa,,1925,119836870,39815667,0
Africa,,1926,121501179,40144261,0
Africa,,1927,123189855,40478272,0
Africa,,1928,124903251,40817797,0
Africa,,1929,126638084,41168172,0
Africa,,1930,128593688,41529602,0
Africa,,1931,130173116,41902294,0
Africa,,1932,131973845,42286461,0
Africa,,1933,133797088,42682315,0
Africa,,1934,135646775,43084839,0
Africa,,1935,152248373,28769085,0
Africa,,1936,157315957,26021488,0
Africa,,1937,159247387,26444729,0
Africa,,1938,161206873,26875119,0
Africa,,1939,163274029,27351587,0
Africa,,1940,165677595,27875813,0
Africa,,1941,167743257,28449532,0
Africa,,1942,152262572,46963403,0
Africa,,1943,154790671,47641512,0
Africa,,1944,157362730,48335825,0
Africa,,1945,159979524,49046736,0
Africa,,1946,162641847,49774651,0
Africa,,1947,165350485,50519986,0
Africa,,1948,168106268,51283165,0
Africa,,1949,171095956,52155108,0
Africa,,1950,174655663,53138474,0
Africa,,1951,176903713,55424141,0
Africa,,1952,180454220,56642340,0
Africa,,1953,184175679,57916776,0
Africa,,1954,188063451,59247146,0
Africa,,1955,192115278,60633639,0
Africa,,1956,174756685,83651532,0
Africa,,1957,172476531,91815683,0
Africa,,1958,172859289,97547739,0
Africa,,1959,176719371,100041351,0
Africa,,1960,76233403,159233339,47894427
Africa,,1961,65466215,173518183,51230065
Africa,,1962,42326349,202703462,52292792
Africa,,1963,34463717,216823372,53396274
Africa,,1964,27765582,229991674,54534593
Africa,,1965,23485405,232187185,64474705
Africa,,1966,22402307,290539292,15314994
Africa,,1967,22799410,300682171,13149595
Africa,,1968,21706719,309224963,14348670
Africa,,1969,22126962,330663621,1424238
Africa,,1970,22607336,330650599,10189658
Africa,,1971,23153875,339370440,10459191
Africa,,1972,23761331,357064521,2011914
Africa,,1973,24422123,366559811,2062504
Africa,,1974,24366091,377163538,2116307
Africa,,1975,7373320,405127805,2173550
Africa,,1976,7436909,416472836,2234710
Africa,,1977,7377884,428377306,2299616
Africa,,1978,7577298,440459773,2366825
Africa,,1979,7789492,370793184,84600883
Africa,,1980,8015593,368947390,99423242
Africa,,1981,8255005,390917246,90831653
Africa,,1982,8504116,402250671,93279389
Africa,,1983,8756890,493389198,16333671
Africa,,1984,9005474,507492178,16847499
Africa,,1985,9242888,536542112,2841140
Africa,,1986,9473413,534171024,20682861
Africa,,1987,9695647,549409123,21319520
Africa,,1988,9890842,564979840,21978324
Africa,,1989,10034679,600271729,3205700
Africa,,1990,8680544,618370921,3298220
Africa,,1991,8640076,629698866,9005099
Africa,,1992,8541879,637833714,18136441
Africa,,1993,6190663,632436124,43242546
Africa,,1994,6142970,583505265,109797177
Africa,,1995,6176692,598445732,112647688
Africa,,1996,6307445,623399804,105653857
Africa,,1997,6524194,621171428,126041962
Africa,,1998,6802747,637822103,127812311
Africa,,1999,7105931,642725058,141673176
Africa,,2000,7406611,648722545,154855074
Africa,,2001,7694791,664657870,158549878
Africa,,2002,7978703,640247217,203072517
Africa,,2003,8270578,659763208,204214550
Africa,,2004,8589853,695862314,189390619
Africa,,2005,8948502,705802448,201403335
Africa,,2006,9349584,719464927,210395538
Africa,,2007,9781364,737503732,215736741
Africa,,2008,10223309,743307121,234093089
Africa,,2009,10647461,798696028,203702235
Africa,,2010,11033046,819595430,208675554
Africa,,2011,7792646,827738680,230878385
Africa,,2012,1566320,871996748,220779961
Africa,,2013,1588323,895140436,226316378
Africa,,2014,7973378,912516636,231943603
Africa,,2015,8053765,754588036,419797002
Africa,,2016,8153064,776763388,428124090
Africa,,2017,8268441,795362650,440591178
Africa,,2018,8394057,817318432,450208525
Africa,,2019,8521057,821103703,478439416
Africa,,2020,8642809,842360649,489594653
Asia,,1800,298822837,384341393,0
Asia,,1801,299186521,386126668,0
Asia,,1802,299560175,387921501,0
Asia,,1803,299943703,389725958,0
Asia,,1804,300337014,391540112,0
Asia,,1805,300740020,393364036,0
Asia,,1806,301152633,395197806,0
Asia,,1807,301574786,397041496,0
Asia,,1808,302006406,398895179,0
Asia,,1809,302447421,400758937,0
Asia,,1810,302968091,403706792,0
Asia,,1811,303496747,406665354,0
Asia,,1812,304075011,410003203,0
Asia,,1813,304702844,413725686,0
Asia,,1814,305365795,417485468,0
Asia,,1815,306064046,421282930,0
Asia,,1816,306797778,425118454,0
Asia,,1817,307567184,428992431,0
Asia,,1818,308372453,432905255,0
Asia,,1819,309230725,436620250,0
Asia,,1820,310141188,440133830,0
Asia,,1821,310871233,443434224,0
Asia,,1822,311629446,446525058,0
Asia,,1823,312903573,449418554,0
Asia,,1824,314189717,452332085,0
Asia,,1825,315487981,455265796,0
Asia,,1826,316798480,458219826,0
Asia,,1827,318121326,461194317,0
Asia,,1828,319456625,464189415,0
Asia,,1829,320804487,466682915,0
Asia,,1830,322165030,468670865,0
Asia,,1831,323538371,470149281,0
Asia,,1832,324919702,471114155,0
Asia,,1833,326309080,471561446,0
Asia,,1834,327706585,472009437,0
Asia,,1835,329112283,472458129,0
Asia,,1836,330526233,472907525,0
Asia,,1837,331948513,473357623,0
Asia,,1838,333379188,473808433,0
Asia,,1839,334816937,474199709,0
Asia,,1840,336261789,474531410,0
Asia,,1841,337717284,474803495,0
Asia,,1842,339183535,475015923,0
Asia,,1843,340660632,475168651,0
Asia,,1844,342150081,475321876,0
Asia,,1845,343652024,475475603,0
Asia,,1846,345166620,475629832,0
Asia,,1847,346694014,475784564,0
Asia,,1848,348234376,475939805,0
Asia,,1849,349787037,475388140,0
Asia,,1850,351352913,474136126,0
Asia,,1851,352924364,472216234,0
Asia,,1852,354510209,469608513,0
Asia,,1853,356111292,466319190,0
Asia,,1854,357729453,463062082,0
Asia,,1855,359364958,459836919,0
Asia,,1856,361018086,456643440,0
Asia,,1857,362689112,453481376,0
Asia,,1858,397289743,417439060,0
Asia,,1859,399139095,414501081,0
Asia,,1860,779167967,33733563,0
Asia,,1861,778633115,33885692,0
Asia,,1862,404992160,407495712,0
Asia,,1863,407050918,405750117,0
Asia,,1864,409132517,404014925,0
Asia,,1865,411229540,402290087,0
Asia,,1866,413340567,400575558,0
Asia,,1867,415472460,398871297,0
Asia,,1868,383536621,431263883,0
Asia,,1869,385421546,430294486,0
Asia,,1870,387171756,429929339,0
Asia,,1871,388767884,430167443,0
Asia,,1872,390235951,431007809,0
Asia,,1873,391546293,432449464,0
Asia,,1874,392856668,433896598,0
Asia,,1875,394194060,435349236,0
Asia,,1876,395537521,436807400,0
Asia,,1877,396856888,438271118,0
Asia,,1878,398167784,439740412,0
Asia,,1879,399876408,441262581,0
Asia,,1880,402020933,442838063,0
Asia,,1881,404621884,444467296,0
Asia,,1882,407680554,446150716,0
Asia,,1883,411188618,447888776,0
Asia,,1884,414743611,449634642,0
Asia,,1885,418400059,451388360,0
Asia,,1886,422076868,453149975,0
Asia,,1887,425819891,454919525,0
Asia,,1888,429601013,456697056,0
Asia,,1889,433027504,458650928,0
Asia,,1890,436112774,460782835,0
Asia,,1891,438806639,463094487,0
Asia,,1892,441120947,465587603,0
Asia,,1893,443057878,468263920,0
Asia,,1894,445034234,470956775,0
Asia,,1895,447062020,473666278,0
Asia,,1896,449076649,476392543,0
Asia,,1897,451134234,479135681,0
Asia,,1898,453212578,481895805,0
Asia,,1899,455699691,484744040,0
Asia,,1900,458561347,487681517,0
Asia,,1901,461788927,490709380,0
Asia,,1902,465408298,493828787,0
Asia,,1903,469410191,497040915,0
Asia,,1904,473458601,500275986,0
Asia,,1905,477556170,503534184,0
Asia,,1906,492597351,495925031,0
Asia,,1907,496667648,499382125,0
Asia,,1908,501074921,502599381,0
Asia,,1909,504993200,506329660,0
Asia,,1910,508410301,510587281,0
Asia,,1911,941339563,85320702,0
Asia,,1912,513681169,520744742,0
Asia,,1913,954757577,87476973,0
Asia,,1914,517446136,532708397,0
Asia,,1915,519344007,538844655,0
Asia,,1916,521193090,545088742,0
Asia,,1917,522965471,551444602,0
Asia,,1918,524859245,557897660,0
Asia,,1919,541652280,549437961,0
Asia,,1920,545120683,554297303,0
Asia,,1921,549335234,558286177,0
Asia,,1922,554308660,561390887,0
Asia,,1923,545810430,577863552,0
Asia,,1924,550825976,580961708,0
Asia,,1925,545625143,594399388,0
Asia,,1926,548666115,599728531,0
Asia,,1927,554244148,602653645,0
Asia,,1928,559908371,605640355,0
Asia,,1929,566092798,608963272,0
Asia,,1930,572844472,612618689,0
Asia,,1931,580182872,616603112,0
Asia,,1932,597421300,611595593,0
Asia,,1933,606189018,615935675,0
Asia,,1934,615084241,620313470,0
Asia,,1935,596883207,651959416,0
Asia,,1936,605517236,657037898,0
Asia,,1937,614332634,662169638,0
Asia,,1938,623367379,667355386,0
Asia,,1939,1149026414,154443007,0
Asia,,1940,1157881777,156862402,0
Asia,,1941,1196420068,128139785,0
Asia,,1942,1186011783,146881178,0
Asia,,1943,1189014055,150534567,0
Asia,,1944,1189704633,156212281,0
Asia,,1945,1189622284,162777777,0
Asia,,1946,655572905,686909535,16803428
Asia,,1947,621936958,727732473,17215470
Asia,,1948,568857090,762550177,43632337
Asia,,1949,564454894,778551184,44581616
Asia,,1950,109873693,835084527,459456754
Asia,,1951,112272738,855871780,467174165
Asia,,1952,114882960,788390810,561053355
Asia,,1953,117710536,803742745,570928253
Asia,,1954,118909672,820231795,581105290
Asia,,1955,117085400,762568783,668857761
Asia,,1956,120384673,816919424,640278357
Asia,,1957,116424528,919876398,571386634
Asia,,1958,119884305,955843851,563173729
Asia,,1959,123494551,976076434,571609924
Asia,,1960,127231070,947744606,629492448
Asia,,1961,130773438,964057253,643978754
Asia,,1962,134674899,1005745934,634032263
Asia,,1963,138666393,1026544362,646681681
Asia,,1964,142753382,1049298950,659692245
Asia,,1965,145053584,1107195207,642144478
Asia,,1966,149194270,1135937982,654884469
Asia,,1967,153522711,1166831435,667977606
Asia,,1968,157836336,1199326450,681508879
Asia,,1969,162003519,1232501975,695590770
Asia,,1970,172936741,1258635096,710294835
Asia,,1971,110589817,1355222383,728017619
Asia,,1972,105717749,1334841370,805449080
Asia,,1973,107974604,1366383504,823703144
Asia,,1974,110248956,1397046937,842340797
Asia,,1975,120088211,1376868949,903564511
Asia,,1976,67736810,1505056821,877733102
Asia,,1977,69077511,1618883493,811817000
Asia,,1978,70448394,1649372836,828971317
Asia,,1979,71854203,1679969151,846485054
Asia,,1980,73298646,1755123578,820470695
Asia,,1981,74779698,1787867470,837888529
Asia,,1982,76297647,1821165610,855682861
Asia,,1983,77860104,1758223118,971007947
Asia,,1984,79476771,1792121471,991200890
Asia,,1985,80926903,1828103227,1011439386
Asia,,1986,82653910,1810248852,1087448910
Asia,,1987,84427596,1848422422,1109232582
Asia,,1988,86221637,1743750324,1274511800
Asia,,1989,88001138,1778117477,1299836260
Asia,,1990,75225241,1822750079,1327356986
Asia,,1991,9104189,1852596010,1420462003
Asia,,1992,9297933,1821516977,1505896113
Asia,,1993,9496797,1845778180,1534151697
Asia,,1994,9707225,1850651124,1580717222
Asia,,1995,9932755,1872645303,1609653549
Asia,,1996,10176852,1872398707,1660402249
Asia,,1997,10435141,1892683231,1690023143
Asia,,1998,10693763,1912326965,1719733477
Asia,,1999,10933855,1861545247,1819330953
Asia,,2000,11142475,1881313761,1847863828
Asia,,2001,32920817,1879215867,1876188402
Asia,,2002,33131519,1922286328,1880485433
Asia,,2003,59952086,1915216175,1907972795
Asia,,2004,37035321,1953742790,1939357941
Asia,,2005,37752677,1973086242,1966119876
Asia,,2006,38406432,2058588088,1926639856
Asia,,2007,39012222,2221625618,1809513388
Asia,,2008,39639524,2045500431,2031350596
Asia,,2009,11408727,1946248017,2204957968
Asia,,2010,11560171,1983598254,2213322681
Asia,,2011,11707085,1933381581,2308976121
Asia,,2012,11852456,1950800209,2336674480
Asia,,2013,11999669,1967759714,2364428068
Asia,,2014,12153512,2207438968,2168954717
Asia,,2015,38815126,2178407829,2215091380
Asia,,2016,39660219,2275358971,2160418413
Asia,,2017,40510937,2501204712,1976144680
Asia,,2018,41365022,2519949421,1998163431
Asia,,2019,42219947,2541008700,2016944044
Asia,,2020,43073714,2561347462,2035426249
Europe,,1800,84984655,109801133,0
Europe,,1801,85307374,110393788,0
Europe,,1802,85635262,110993457,0
Europe,,1803,85966284,111600233,0
Europe,,1804,86300475,112214220,0
Europe,,1805,86637870,112835517,0
Europe,,1806,86978515,113464219,0
Europe,,1807,107488800,93934084,0
Europe,,1808,111123094,91290879,0
Europe,,1809,111836128,91580024,0
Europe,,1810,112589260,92244091,0
Europe,,1811,113337695,92938577,0
Europe,,1812,114104660,93795685,0
Europe,,1813,92652425,117060653,0
Europe,,1814,93081832,118515980,0
Europe,,1815,91329845,122227750,0
Europe,,1816,91739150,123856504,0
Europe,,1817,92152492,125562885,0
Europe,,1818,92569914,127350430,0
Europe,,1819,93043733,129031907,0
Europe,,1820,93577371,130596819,0
Europe,,1821,94162038,132034021,0
Europe,,1822,94807274,133331671,0
Europe,,1823,92156245,137831341,0
Europe,,1824,92846138,139021576,0
Europe,,1825,93545662,140237653,0
Europe,,1826,94299494,141479830,0
Europe,,1827,92594797,145213824,0
Europe,,1828,93339855,146531698,0
Europe,,1829,94081672,147840942,0
Europe,,1830,91074407,152890607,0
Europe,,1831,91732721,154213688,0
Europe,,1832,92390360,155513147,0
Europe,,1833,93043424,156788425,0
Europe,,1834,93701602,158074964,0
Europe,,1835,94364916,159372868,0
Europe,,1836,95033422,160682247,0
Europe,,1837,95707165,162003199,0
Europe,,1838,96386176,163335839,0
Europe,,1839,97030736,164614692,0
Europe,,1840,97646071,165839013,0
Europe,,1841,98223091,167008053,0
Europe,,1842,98772181,168121054,0
Europe,,1843,99289369,169177247,0
Europe,,1844,99815028,170241434,0
Europe,,1845,100349152,171313682,0
Europe,,1846,100891726,172394063,0
Europe,,1847,101442751,173482636,0
Europe,,1848,99655792,176925894,0
Europe,,1849,100222320,178045108,0
Europe,,1850,100817852,179170491,0
Europe,,1851,101414082,180299778,0
Europe,,1852,102039483,181435186,0
Europe,,1853,102688558,182576681,0
Europe,,1854,103346574,183726466,0
Europe,,1855,104013574,184884603,0
Europe,,1856,104689595,186051161,0
Europe,,1857,105374685,187226204,0
Europe,,1858,106068888,188409798,0
Europe,,1859,98281436,198129164,0
Europe,,1860,98959989,199443822,0
Europe,,1861,73423916,227008100,0
Europe,,1862,77356585,225165346,0
Europe,,1863,77930366,226736488,0
Europe,,1864,75042373,231788340,0
Europe,,1865,75597002,233416672,0
Europe,,1866,76158119,235057790,0
Europe,,1867,70734765,242702821,0
Europe,,1868,71270165,244408715,0
Europe,,1869,71837343,246140264,0
Europe,,1870,72445242,247898007,0
Europe,,1871,73073942,249626258,0
Europe,,1872,73744418,251437559,0
Europe,,1873,74448720,253276733,0
Europe,,1874,75162037,255132040,0
Europe,,1875,75884481,257003626,0
Europe,,1876,76616176,258891647,0
Europe,,1877,77357233,260796255,0
Europe,,1878,76190777,264634605,0
Europe,,1879,74002694,269509682,0
Europe,,1880,74726462,271498399,0
Europe,,1881,75427771,273501799,0
Europe,,1882,76140052,275519766,0
Europe,,1883,76853085,277552191,0
Europe,,1884,77575805,279601606,0
Europe,,1885,78308329,281668163,0
Europe,,1886,79050774,283752016,0
Europe,,1887,79803252,285853313,0
Europe,,1888,80565886,287972220,0
Europe,,1889,81310584,290155828,0
Europe,,1890,82049402,292405525,0
Europe,,1891,82752161,294722716,0
Europe,,1892,83447732,297108828,0
Europe,,1893,84122651,299565313,0
Europe,,1894,84804342,302046619,0
Europe,,1895,85492871,304553026,0
Europe,,1896,86188306,307084807,0
Europe,,1897,86890712,309642247,0
Europe,,1898,87600157,312225627,0
Europe,,1899,88314336,314871560,0
Europe,,1900,86824481,319805415,0
Europe,,1901,87518996,322598089,0
Europe,,1902,88234136,325454428,0
Europe,,1903,88955198,328375389,0
Europe,,1904,89682574,331327592,0
Europe,,1905,90416337,334311396,0
Europe,,1906,91155543,337327176,0
Europe,,1907,91903264,340375305,0
Europe,,1908,92656569,343456163,0
Europe,,1909,93268635,346145489,0
Europe,,1910,99615892,342584686,0
Europe,,1911,94067127,350306790,0
Europe,,1912,94249481,351799440,0
Europe,,1913,98980692,345748590,2457013
Europe,,1914,98181959,347683959,2481734
Europe,,1915,94372936,349534517,5568539
Europe,,1916,106353863,338579367,5630085
Europe,,1917,91199990,351688059,8758580
Europe,,1918,130787868,242188120,79759671
Europe,,1919,59678012,244357680,150257389
Europe,,1920,49324121,235157343,171959033
Europe,,1921,49196660,229079273,180669011
Europe,,1922,49675411,226807924,185512023
Europe,,1923,50159575,228873722,186426854
Europe,,1924,50649127,230959448,187354801
Europe,,1925,50169132,234040304,188312787
Europe,,1926,50664553,264380435,161060913
Europe,,1927,51165539,266976081,161572004
Europe,,1928,51672165,269599637,162093823
Europe,,1929,52185698,272105072,162703875
Europe,,1930,52731528,274490653,163406224
Europe,,1931,53233943,253087482,187870123
Europe,,1932,53768898,255002021,188976480
Europe,,1933,54311227,331191309,115764614
Europe,,1934,54859874,336498588,113454389
Europe,,1935,55414916,338811638,114156245
Europe,,1936,55976447,341145599,114856286
Europe,,1937,56544553,368544227,90513978
Europe,,1938,63828484,364448070,90955870
Europe,,1939,108934870,336628733,77261027
Europe,,1940,145622294,318602624,61767884
Europe,,1941,143320703,323362610,62057589
Europe,,1942,150492273,318358583,62346083
Europe,,1943,154825363,315973714,62633398
Europe,,1944,213850989,259023529,62922366
Europe,,1945,174668471,268904073,94134686
Europe,,1946,196174684,155839084,186885821
Europe,,1947,189203391,176396933,174939724
Europe,,1948,138673674,219895053,184455439
Europe,,1949,139333593,221156556,185485047
Europe,,1950,140370317,222886379,186567609
Europe,,1951,141501120,225813079,187510690
Europe,,1952,142686249,221124963,196389780
Europe,,1953,143903649,224298431,197593313
Europe,,1954,145139626,227521741,198829558
Europe,,1955,146387198,230740917,200080619
Europe,,1956,147646897,233917355,201346634
Europe,,1957,148925954,237027236,202644497
Europe,,1958,150237217,240059965,204005071
Europe,,1959,151596755,243000434,205483008
Europe,,1960,152445978,246453505,207082001
Europe,,1961,153924518,249257952,208827966
Europe,,1962,155455035,251963061,210695769
Europe,,1963,157578382,253956821,212617847
Europe,,1964,158770621,256352712,214822461
Europe,,1965,159633136,259129953,216601074
Europe,,1966,160992760,261111543,218242951
Europe,,1967,162272105,271430610,211234077
Europe,,1968,163464543,273151691,212618382
Europe,,1969,164567176,274874643,213953955
Europe,,1970,165580398,276680795,215273559
Europe,,1971,166495034,272392020,222789909
Europe,,1972,167316491,274349455,224125565
Europe,,1973,168051864,276393840,225397373
Europe,,1974,169356558,268941454,235476549
Europe,,1975,169315255,271641825,236588130
Europe,,1976,169861390,263769895,247523895
Europe,,1977,170357368,229082830,285184860
Europe,,1978,170812299,230691470,286455343
Europe,,1979,171235975,232293908,287635143
Europe,,1980,171640094,233870094,288743696
Europe,,1981,172014886,235400965,289786768
Europe,,1982,172372926,236882711,290766097
Europe,,1983,172743880,238327127,291693492
Europe,,1984,173168270,239754505,292582420
Europe,,1985,173670511,241171683,293445686
Europe,,1986,174261756,242587566,294285139
Europe,,1987,174920330,243973035,295109296
Europe,,1988,175596128,245251705,295945305
Europe,,1989,176219252,208490088,334658979
Europe,,1990,97683686,174306788,449636731
Europe,,1991,5360654,171985475,546212849
Europe,,1992,5229226,17054265,702907145
Europe,,1993,5078497,14492790,706904256
Europe,,1994,4846362,24627711,697892387
Europe,,1995,4740172,24578514,698531138
Europe,,1996,912315,27574505,699406894
Europe,,1997,913434,24326487,702320693
Europe,,1998,914601,24147322,701988626
Europe,,1999,915943,170877625,554837922
Europe,,2000,919968,156276525,569307243
Europe,,2001,921787,155642125,570170714
Europe,,2002,923820,154961639,571405988
Europe,,2003,926229,154290111,572913878
Europe,,2004,929111,153697277,574536271
Europe,,2005,932516,153234208,576151223
Europe,,2006,318698,152920142,578355928
Europe,,2007,321599,152746721,579936352
Europe,,2008,324544,152701619,581474292
Europe,,2009,327131,152760063,582936686
Europe,,2010,329145,152899849,584299021
Europe,,2011,330488,153118343,585529049
Europe,,2012,331267,153410933,586620412
Europe,,2013,331805,153748958,587607378
Europe,,2014,332471,154096579,588543926
Europe,,2015,333606,154424483,589464276
Europe,,2016,335320,154721012,590385047
Europe,,2017,337523,154980324,591278994
Europe,,2018,337591,155186649,592084456
Europe,,2019,340051,155324669,592716669
Europe,,2020,342256,155383781,593117368
North America,,1800,8718672,6000000,0
North America,,1801,8392882,6113782,0
North America,,1802,8503939,6229723,0
North America,,1803,8618790,6347862,0
North America,,1804,8737574,6468241,0
North America,,1805,8860449,6590903,0
North America,,1806,8987587,6715891,0
North America,,1807,9119167,6843249,0
North America,,1808,9255384,6973023,0
North America,,1809,9396456,7105258,0
North America,,1810,10043106,7302908,0
North America,,1811,9665504,7502686,0
North America,,1812,9796601,7728031,0
North America,,1813,9925075,7980135,0
North America,,1814,10055831,8240464,0
North America,,1815,10188915,8509285,0
North America,,1816,10324380,8786876,0
North America,,1817,10462272,9073523,0
North America,,1818,10602644,9369520,0
North America,,1819,10729935,9667277,0
North America,,1820,10704530,10685540,0
North America,,1821,10125078,11083375,0
North America,,1822,3655326,17939285,0
North America,,1823,3743344,18228665,0
North America,,1824,2537382,19824243,0
North America,,1825,2614037,20149815,0
North America,,1826,2694068,20485034,0
North America,,1827,2777623,20830174,0
North America,,1828,2864870,21185515,0
North America,,1829,2945736,21566107,0
North America,,1830,3661429,21972250,0
North America,,1831,3181543,22309610,0
North America,,1832,3241766,22767084,0
North America,,1833,3294092,23251037,0
North America,,1834,3348316,23747024,0
North America,,1835,3404512,24255367,0
North America,,1836,3462753,24776397,0
North America,,1837,3523113,25310455,0
North America,,1838,3585671,25857888,0
North America,,1839,3972166,26110042,0
North America,,1840,4756317,26698433,0
North America,,1841,3813366,27636428,0
North America,,1842,3903167,28277821,0
North America,,1843,4000219,28945136,0
North America,,1844,3968153,29763339,0
North America,,1845,4069430,30470626,0
North America,,1846,4174061,31197684,0
North America,,1847,4282164,31945092,0
North America,,1848,4393869,32713464,0
North America,,1849,4506282,33508970,0
North America,,1850,5425302,34332325,0
North America,,1851,4732339,35200031,0
North America,,1852,4845681,36097986,0
North America,,1853,4959164,37026983,0
North America,,1854,5075656,37982306,0
North America,,1855,5195240,38964735,0
North America,,1856,5318003,39975083,0
North America,,1857,5444037,41014180,0
North America,,1858,5573433,42082881,0
North America,,1859,5687440,43121529,0
North America,,1860,6704335,44128296,0
North America,,1861,5867224,45101265,0
North America,,1862,5931929,46038452,0
North America,,1863,5979090,46937782,0
North America,,1864,6026973,47857738,0
North America,,1865,6075580,48798820,0
North America,,1866,6124920,49761527,0
North America,,1867,2545555,54375828,0
North America,,1868,2555670,55424074,0
North America,,1869,2571174,56504779,0
North America,,1870,3637266,57618576,0
North America,,1871,2618591,58766109,0
North America,,1872,2650626,59948030,0
North America,,1873,2688298,61164994,0
North America,,1874,2726577,62408924,0
North America,,1875,2765477,63680411,0
North America,,1876,2805005,64980064,0
North America,,1877,2845179,66308507,0
North America,,1878,2886008,67666375,0
North America,,1879,2924460,69053815,0
North America,,1880,4139788,70471398,0
North America,,1881,2993970,71919712,0
North America,,1882,3024895,73399364,0
North America,,1883,3053178,74910974,0
North America,,1884,3081796,76455673,0
North America,,1885,3110754,78034210,0
North America,,1886,3140062,79647351,0
North America,,1887,3169720,81295886,0
North America,,1888,3199737,82980619,0
North America,,1889,3228558,84650576,0
North America,,1890,4566675,86304411,0
North America,,1891,3282562,87940716,0
North America,,1892,3307729,89558036,0
North America,,1893,3331663,91154854,0
North America,,1894,3355915,92781568,0
North America,,1895,3380491,94438750,0
North America,,1896,3405397,96126974,0
North America,,1897,3430635,97846830,0
North America,,1898,3456213,99598915,0
North America,,1899,3490410,101407080,0
North America,,1900,4989729,103272887,0
North America,,1901,3585944,105197952,0
North America,,1902,1854160,108977715,0
North America,,1903,1600107,111352308,0
North America,,1904,1612992,113503059,0
North America,,1905,1626175,115697506,0
North America,,1906,1639659,117936572,0
North America,,1907,1653451,120221200,0
North America,,1908,1667554,122552347,0
North America,,1909,1680738,124786978,0
North America,,1910,3401676,126921711,0
North America,,1911,1704242,128953065,0
North America,,1912,1714502,130877467,0
North America,,1913,1723721,132691242,0
North America,,1914,1733103,134534876,0
North America,,1915,1742645,136408887,0
North America,,1916,1752352,138313803,0
North America,,1917,1762226,140250165,0
North America,,1918,1771877,133915217,8239420
North America,,1919,1784038,135730390,8403027
North America,,1920,3741177,26350923,119836619
North America,,1921,1816020,26704302,121613757
North America,,1922,1835911,27103622,123422409
North America,,1923,1858448,27549453,125263076
North America,,1924,1881319,28003666,127131269
North America,,1925,1904533,28466437,129027403
North America,,1926,1928094,28937956,130951895
North America,,1927,1952007,29418411,132905172
North America,,1928,1976278,29907995,134887664
North America,,1929,2002652,30414080,136688449
North America,,1930,5480613,29678275,138303285
North America,,1931,3360708,30178075,139727854
North America,,1932,2094897,32034145,140957761
North America,,1933,2130190,32609040,141988539
North America,,1934,2166107,33194677,143026999
North America,,1935,2202657,33791269,144073200
North America,,1936,2239854,34399022,145127201
North America,,1937,2277708,35018164,146189063
North America,,1938,2316234,35648914,147258845
North America,,1939,2354110,36374549,148543236
North America,,1940,4855648,32497530,154748720
North America,,1941,2427948,33325476,156576883
North America,,1942,2463927,34253909,158641657
North America,,1943,2499293,35287484,160948096
North America,,1944,2535385,36353983,163288726
North America,,1945,2572222,37454487,165664071
North America,,1946,2609817,38590108,168074656
North America,,1947,2648186,39761996,170521020
North America,,1948,2687348,40971337,173003710
North America,,1949,2730134,41301218,176561114
North America,,1950,5881021,42546820,179403467
North America,,1951,5755472,43714951,181973004
North America,,1952,5820214,44938269,184892735
North America,,1953,5895958,52523606,181780763
North America,,1954,5978261,53985588,185053681
North America,,1955,6064016,55504188,188469189
North America,,1956,6151847,56071651,192979051
North America,,1957,6241709,55804908,198416775
North America,,1958,6334818,57417797,202025254
North America,,1959,6433306,59090320,205587289
North America,,1960,6747998,60823688,209070402
North America,,1961,6652740,62617993,212448529
North America,,1962,4216310,64471906,218257972
North America,,1963,4297232,68599223,219196693
North America,,1964,4374809,70625715,222142357
North America,,1965,4445558,72703944,224937415
North America,,1966,4271720,65817290,236819165
North America,,1967,4326078,67719004,239569367
North America,,1968,4376056,71096977,240781520
North America,,1969,4426056,73125450,243345869
North America,,1970,4726181,80819658,240294671
North America,,1971,4536531,80296603,245529072
North America,,1972,4596768,85410106,245186380
North America,,1973,4477789,87751430,247844671
North America,,1974,4444804,90100143,250434953
North America,,1975,4505767,92442623,252945834
North America,,1976,4567145,94772232,255477893
North America,,1977,4629205,97090751,258039434
North America,,1978,4616464,99403914,260704090
North America,,1979,4459722,101810185,263448238
North America,,1980,4783251,104139905,266091418
North America,,1981,4417268,106482362,268906993
North America,,1982,4400194,104985050,275518239
North America,,1983,4443220,107224003,278371279
North America,,1984,4444524,100853977,289916382
North America,,1985,4490318,102939715,293005236
North America,,1986,4538519,96591790,304575305
North America,,1987,4588488,98485440,307953609
North America,,1988,4639488,100374780,311380026
North America,,1989,4690348,102252083,314853282
North America,,1990,5036054,104111515,318375443
North America,,1991,4788421,103428129,324452906
North America,,1992,4835172,105195472,328098972
North America,,1993,4880139,106941213,331836910
North America,,1994,4923423,108664376,335736925
North America,,1995,4964735,110364717,339839989
North America,,1996,5004536,112043818,344179342
North America,,1997,5042090,113703166,348715269
North America,,1998,5075424,115342918,353327354
North America,,1999,5101817,116963240,357849526
North America,,2000,5399914,19666232,461065468
North America,,2001,5410612,19850698,466517856
North America,,2002,5412164,20032110,471736661
North America,,2003,5408360,20208604,476839641
North America,,2004,5404376,20297451,482080221
North America,,2005,5403706,20456875,487418875
North America,,2006,5407463,20606025,492972865
North America,,2007,5413734,20746453,498687334
North America,,2008,5419721,20883545,504477952
North America,,2009,5421157,29175537,502068316
North America,,2010,5414821,21175151,515817634
North America,,2011,5400363,21336991,521249684
North America,,2012,5380013,21508034,526537549
North America,,2013,5348706,21683394,531689638
North America,,2014,5299880,21855916,536728249
North America,,2015,5230155,22020317,541670513
North America,,2016,5135543,28479054,540209609
North America,,2017,5020925,38135481,535436345
North America,,2018,4579660,38514354,539837591
North America,,2019,4477574,38888181,544156719
North America,,2020,4408684,39258311,548405209
Oceania,,1800,1523354,0,0
Oceania,,1801,1483101,0,0
Oceania,,1802,1482067,0,0
Oceania,,1803,1481395,0,0
Oceania,,1804,1481083,0,0
Oceania,,1805,1481125,0,0
Oceania,,1806,1481521,0,0
Oceania,,1807,1482265,0,0
Oceania,,1808,1483356,0,0
Oceania,,1809,1484790,0,0
Oceania,,1810,1527801,0,0
Oceania,,1811,1489019,0,0
Oceania,,1812,1491473,0,0
Oceania,,1813,1494267,0,0
Oceania,,1814,1497396,0,0
Oceania,,1815,1500863,0,0
Oceania,,1816,1504666,0,0
Oceania,,1817,1508805,0,0
Oceania,,1818,1513283,0,0
Oceania,,1819,1517265,0,0
Oceania,,1820,1563858,0,0
Oceania,,1821,1523491,0,0
Oceania,,1822,1525604,0,0
Oceania,,1823,1526962,0,0
Oceania,,1824,1528338,0,0
Oceania,,1825,1529726,0,0
Oceania,,1826,1531132,0,0
Oceania,,1827,1532553,0,0
Oceania,,1828,1533988,0,0
Oceania,,1829,1536429,0,0
Oceania,,1830,1585505,0,0
Oceania,,1831,1544584,0,0
Oceania,,1832,1550427,0,0
Oceania,,1833,1557531,0,0
Oceania,,1834,1564972,0,0
Oceania,,1835,1572752,0,0
Oceania,,1836,1580871,0,0
Oceania,,1837,1589332,0,0
Oceania,,1838,1598138,0,0
Oceania,,1839,1609101,0,0
Oceania,,1840,1670374,0,0
Oceania,,1841,1637738,0,0
Oceania,,1842,1655546,0,0
Oceania,,1843,1675779,0,0
Oceania,,1844,1696705,0,0
Oceania,,1845,1718344,0,0
Oceania,,1846,1740729,0,0
Oceania,,1847,1763881,0,0
Oceania,,1848,1787826,0,0
Oceania,,1849,1818155,0,0
Oceania,,1850,1906318,0,0
Oceania,,1851,1905382,0,0
Oceania,,1852,1963814,0,0
Oceania,,1853,2031729,0,0
Oceania,,1854,2104530,0,0
Oceania,,1855,2182608,0,0
Oceania,,1856,2266382,0,0
Oceania,,1857,2238520,117792,0
Oceania,,1858,2330499,122383,0
Oceania,,1859,2415706,128293,0
Oceania,,1860,2546771,135668,0
Oceania,,1861,2561883,144665,0
Oceania,,1862,2620671,155458,0
Oceania,,1863,2668299,168235,0
Oceania,,1864,2717163,182063,0
Oceania,,1865,2767295,197027,0
Oceania,,1866,2818738,213221,0
Oceania,,1867,2871525,230746,0
Oceania,,1868,2925698,249711,0
Oceania,,1869,2978458,268927,0
Oceania,,1870,3085510,288338,0
Oceania,,1871,3079316,307876,0
Oceania,,1872,3127200,327464,0
Oceania,,1873,3173235,347014,0
Oceania,,1874,3220137,367731,0
Oceania,,1875,3267925,389684,0
Oceania,,1876,3316621,412949,0
Oceania,,1877,3366236,437602,0
Oceania,,1878,3416797,463727,0
Oceania,,1879,3474245,487792,0
Oceania,,1880,3597096,509585,0
Oceania,,1881,3611243,528877,0
Oceania,,1882,3691550,545427,0
Oceania,,1883,3780263,558972,0
Oceania,,1884,3871887,572854,0
Oceania,,1885,3966514,587081,0
Oceania,,1886,4064253,601661,0
Oceania,,1887,4165215,616603,0
Oceania,,1888,4269513,631916,0
Oceania,,1889,4367171,646899,0
Oceania,,1890,4518423,661529,0
Oceania,,1891,4540894,675784,0
Oceania,,1892,4616052,689639,0
Oceania,,1893,4682773,0,703071
Oceania,,1894,4750627,0,716764
Oceania,,1895,4819634,0,730724
Oceania,,1896,4889811,0,744956
Oceania,,1897,4961187,0,759465
Oceania,,1898,5033780,0,774257
Oceania,,1899,5105999,0,790405
Oceania,,1900,5241067,0,807964
Oceania,,1901,1494065,3755077,826989
Oceania,,1902,1504369,0,4663146
Oceania,,1903,1515327,0,4744599
Oceania,,1904,1526362,0,4827552
Oceania,,1905,1537485,0,4912035
Oceania,,1906,1548692,0,4998077
Oceania,,1907,1559983,0,5085710
Oceania,,1908,1571360,0,5174963
Oceania,,1909,1571773,0,5268085
Oceania,,1910,1627599,0,5365170
Oceania,,1911,1541006,0,5466318
Oceania,,1912,1510450,0,5571631
Oceania,,1913,1470171,0,5681211
Oceania,,1914,1431738,0,5792954
Oceania,,1915,1395082,0,5906901
Oceania,,1916,1360135,0,6023098
Oceania,,1917,1326824,0,6141589
Oceania,,1918,1291957,0,6263656
Oceania,,1919,1266200,0,6386952
Oceania,,1920,1318299,0,6511477
Oceania,,1921,1240833,0,6637228
Oceania,,1922,1240675,0,6764205
Oceania,,1923,1248531,0,6892406
Oceania,,1924,1256886,0,7023038
Oceania,,1925,1265746,0,7156146
Oceania,,1926,1275099,0,7291775
Oceania,,1927,1284944,0,7429977
Oceania,,1928,1295280,0,7570797
Oceania,,1929,1311246,0,7698094
Oceania,,1930,1405689,0,7811470
Oceania,,1931,1361945,0,7910521
Oceania,,1932,1397642,0,7994832
Oceania,,1933,1440901,0,8063981
Oceania,,1934,1487096,0,8133729
Oceania,,1935,1536292,0,8204081
Oceania,,1936,1588573,0,8275041
Oceania,,1937,1644015,0,8346616
Oceania,,1938,1702726,0,8418810
Oceania,,1939,1764362,0,8504300
Oceania,,1940,1905123,0,8603402
Oceania,,1941,1896772,0,8716443
Oceania,,1942,1967750,0,8843752
Oceania,,1943,2042059,0,8985666
Oceania,,1944,2120268,0,9129857
Oceania,,1945,2202544,0,9276363
Oceania,,1946,2289067,0,9425220
Oceania,,1947,2380024,0,9576468
Oceania,,1948,2475618,0,9730142
Oceania,,1949,2566323,0,9899588
Oceania,,1950,2890534,0,10085359
Oceania,,1951,2919565,0,10346153
Oceania,,1952,2954709,0,10587873
Oceania,,1953,2995195,0,10822414
Oceania,,1954,3040585,0,11058608
Oceania,,1955,3090602,0,11302088
Oceania,,1956,3144996,0,11555241
Oceania,,1957,3203698,0,11817287
Oceania,,1958,3266788,0,12084728
Oceania,,1959,3334521,0,12352203
Oceania,,1960,3406963,0,12614669
Oceania,,1961,3484095,0,12869900
Oceania,,1962,3449773,115768,13120612
Oceania,,1963,3531124,119552,13375365
Oceania,,1964,3615328,123346,13645955
Oceania,,1965,3701804,127055,13939835
Oceania,,1966,3790342,130672,14260487
Oceania,,1967,3880954,134181,14602320
Oceania,,1968,3967520,137484,14958868
Oceania,,1969,4062909,140495,15299734
Oceania,,1970,3556200,227490,16138535
Oceania,,1971,3645061,230899,16442238
Oceania,,1972,3736983,233622,16723491
Oceania,,1973,3831989,235816,16982274
Oceania,,1974,3929962,237775,17220229
Oceania,,1975,890941,239674,20579660
Oceania,,1976,914811,241590,20858966
Oceania,,1977,938638,243477,21123282
Oceania,,1978,740505,245322,21606197
Oceania,,1979,757693,247011,21885804
Oceania,,1980,660535,248488,22303061
Oceania,,1981,677299,249825,22633863
Oceania,,1982,695301,251001,22988326
Oceania,,1983,714418,252081,23362346
Oceania,,1984,734375,253036,23748807
Oceania,,1985,754964,253891,24142186
Oceania,,1986,776159,254633,24541867
Oceania,,1987,797887,977056,24226780
Oceania,,1988,819647,978885,24636355
Oceania,,1989,840759,981385,25046076
Oceania,,1990,860774,986441,25451478
Oceania,,1991,879374,994641,25851228
Oceania,,1992,746059,1005358,26396537
Oceania,,1993,759376,1017635,26789191
Oceania,,1994,773093,1030035,27176862
Oceania,,1995,770585,1041450,27577594
Oceania,,1996,786101,1051821,27958549
Oceania,,1997,722241,1061422,28418209
Oceania,,1998,737434,1070023,28799887
Oceania,,1999,751785,1077383,29185054
Oceania,,2000,764620,1496092,29164375
Oceania,,2001,775839,1511748,29549965
Oceania,,2002,785618,1526124,29943156
Oceania,,2003,793933,1540166,30357308
Oceania,,2004,800861,1555224,30809681
Oceania,,2005,806638,1572154,31311420
Oceania,,2006,811108,1110457,32349507
Oceania,,2007,814391,1120807,32965728
Oceania,,2008,817059,1132010,33612093
Oceania,,2009,819860,1142086,34263192
Oceania,,2010,823301,1149741,34900027
Oceania,,2011,827644,1154478,35516202
Oceania,,2012,832763,1156890,36115079
Oceania,,2013,838473,1158082,36699187
Oceania,,2014,844391,293243,38140996
Oceania,,2015,850317,294290,38714086
Oceania,,2016,856146,295683,39283802
Oceania,,2017,862026,297360,39847093
Oceania,,2018,867879,299327,40403617
Oceania,,2019,873789,301590,40952669
Oceania,,2020,879710,304107,41493992
South America,,1800,9277932,0,0
South America,,1801,9310655,0,0
South America,,1802,9353714,0,0
South America,,1803,9400414,0,0
South America,,1804,9450790,0,0
South America,,1805,9504877,0,0
South America,,1806,9562721,0,0
South America,,1807,9624367,0,0
South America,,1808,9689860,0,0
South America,,1809,9759256,0,0
South America,,1810,9862560,0,0
South America,,1811,9751089,199864,0
South America,,1812,9864304,192595,0
South America,,1813,9987397,185591,0
South America,,1814,10114226,178841,0
South America,,1815,10244894,172337,0
South America,,1816,10379512,166069,0
South America,,1817,10518188,160029,0
South America,,1818,9889593,925656,0
South America,,1819,10036899,925450,0
South America,,1820,8877711,2249874,0
South America,,1821,6516401,4770075,0
South America,,1822,6618885,4844468,0
South America,,1823,6708502,4941501,0
South America,,1824,1997986,9842785,0
South America,,1825,290781,11744971,0
South America,,1826,289026,11946022,0
South America,,1827,287425,12151333,0
South America,,1828,285978,12361006,0
South America,,1829,284685,12581507,0
South America,,1830,218754,12886984,0
South America,,1831,1909559,11429809,0
South America,,1832,203585,13390723,0
South America,,1833,200585,13661583,0
South America,,1834,197666,13939465,0
South America,,1835,194828,14224600,0
South America,,1836,192067,14517221,0
South America,,1837,189382,14817582,0
South America,,1838,186771,15125932,0
South America,,1839,185273,15436028,0
South America,,1840,194655,15747981,0
South America,,1841,185612,16061907,0
South America,,1842,187450,16377930,0
South America,,1843,190402,16696181,0
South America,,1844,193431,17023311,0
South America,,1845,196537,17359636,0
South America,,1846,199723,17705491,0
South America,,1847,202993,18061213,0
South America,,1848,206346,18427164,0
South America,,1849,209468,18753048,0
South America,,1850,223062,19038411,0
South America,,1851,214893,19290846,0
South America,,1852,217170,19501823,0
South America,,1853,219166,19670664,0
South America,,1854,221189,19847327,0
South America,,1855,223236,20031832,0
South America,,1856,225309,20224215,0
South America,,1857,227409,20424515,0
South America,,1858,229536,20632782,0
South America,,1859,232049,20848749,0
South America,,1860,246730,21071847,0
South America,,1861,238300,21301523,0
South America,,1862,242066,21537231,0
South America,,1863,246281,21778434,0
South America,,1864,250600,22024957,0
South America,,1865,255028,22276902,0
South America,,1866,259566,22534387,0
South America,,1867,264217,22797528,0
South America,,1868,268986,23066439,0
South America,,1869,273878,23352934,0
South America,,1870,291824,23657841,0
South America,,1871,284051,23981994,0
South America,,1872,289339,24326225,0
South America,,1873,294763,24691370,0
South America,,1874,300326,25066613,0
South America,,1875,306029,25452082,0
South America,,1876,311877,25847913,0
South America,,1877,317874,26254245,0
South America,,1878,324022,26671227,0
South America,,1879,329482,27116769,0
South America,,1880,348441,27591369,0
South America,,1881,338237,28095583,0
South America,,1882,341479,28630029,0
South America,,1883,343928,29195398,0
South America,,1884,346399,29774618,0
South America,,1885,348890,30368200,0
South America,,1886,351402,30976690,0
South America,,1887,353935,31600665,0
South America,,1888,356489,32240734,0
South America,,1889,359053,32891679,0
South America,,1890,377261,33553767,0
South America,,1891,364209,34227221,0
South America,,1892,366801,34912203,0
South America,,1893,369402,35608817,0
South America,,1894,372024,36322977,0
South America,,1895,374668,37055063,0
South America,,1896,377333,37805480,0
South America,,1897,380020,38574636,0
South America,,1898,382730,39362955,0
South America,,1899,384857,40167918,0
South America,,1900,403611,40989635,0
South America,,1901,387348,41828239,0
South America,,1902,387704,42683872,0
South America,,1903,387464,43556701,0
South America,,1904,387224,44449917,0
South America,,1905,386985,45364067,0
South America,,1906,386746,46299704,0
South America,,1907,386509,47257403,0
South America,,1908,386272,48237754,0
South America,,1909,386747,49229271,0
South America,,1910,406916,50231748,0
South America,,1911,389933,51244953,0
South America,,1912,392701,52268624,0
South America,,1913,396291,53302481,0
South America,,1914,400023,54358280,0
South America,,1915,403901,55436506,0
South America,,1916,407931,56537657,0
South America,,1917,412119,57662245,0
South America,,1918,416680,58793025,0
South America,,1919,420854,59954474,0
South America,,1920,445433,61147414,0
South America,,1921,427929,62372694,0
South America,,1922,430774,63631182,0
South America,,1923,433115,64923775,0
South America,,1924,435479,66244717,0
South America,,1925,437865,67594667,0
South America,,1926,440273,68974302,0
South America,,1927,442703,70384312,0
South America,,1928,445155,71825404,0
South America,,1929,448355,73263621,0
South America,,1930,475205,74697985,0
South America,,1931,457052,76127489,0
South America,,1932,462578,75758352,1792720
South America,,1933,468906,77150131,1817494
South America,,1934,475327,80410682,0
South America,,1935,481842,81880751,0
South America,,1936,488452,83378347,0
South America,,1937,495160,84903994,0
South America,,1938,501967,86458230,0
South America,,1939,509306,88126908,0
South America,,1940,542381,89914546,0
South America,,1941,525646,91825822,0
South America,,1942,534680,93865561,0
South America,,1943,544313,93970768,2067980
South America,,1944,554128,96174292,2090928
South America,,1945,564131,98432200,2114131
South America,,1946,574324,52242652,50640803
South America,,1947,584710,53324569,51953438
South America,,1948,595295,51162172,56569265
South America,,1949,607552,45785028,64556858
South America,,1950,649293,46833991,66281907
South America,,1951,669617,48025624,68158411
South America,,1952,691154,49257704,70094353
South America,,1953,713837,50527353,72080551
South America,,1954,737569,51832612,74111568
South America,,1955,762260,53172213,76185764
South America,,1956,787713,45446991,87404206
South America,,1957,813802,46606066,89824349
South America,,1958,840368,12891638,127214121
South America,,1959,867105,5441962,138447609
South America,,1960,893858,5560951,142230874
South America,,1961,920433,5683506,146131966
South America,,1962,946678,37712176,118240000
South America,,1963,972398,10888522,149291983
South America,,1964,997472,92231752,72239317
South America,,1965,1021771,94828687,73972713
South America,,1966,380834,120607724,53223828
South America,,1967,392138,123600041,54646299
South America,,1968,402885,139351892,43339597
South America,,1969,411721,142750821,44411050
South America,,1970,417847,146186684,45469393
South America,,1971,420813,149657591,46510934
South America,,1972,421120,153165381,47539258
South America,,1973,419720,144753366,60534696
South America,,1974,418098,148133378,61817649
South America,,1975,58133,151596263,63480022
South America,,1976,59898,181409660,38538261
South America,,1977,61745,185434947,39486570
South America,,1978,63801,189541251,40456498
South America,,1979,66136,180484819,54689579
South America,,1980,68826,172826526,67619914
South America,,1981,71872,176537383,69277531
South America,,1982,75259,174501572,76769554
South America,,1983,79070,148939586,107847754
South America,,1984,83399,152165169,110162365
South America,,1985,88276,17072519,250791024
South America,,1986,93803,17367487,256015004
South America,,1987,99838,17673126,261210219
South America,,1988,106107,17600031,266764768
South America,,1989,112186,17916734,271913278
South America,,1990,117764,27443321,267837092
South America,,1991,122750,27601208,273105504
South America,,1992,127244,27411841,278689543
South America,,1993,131414,27963653,283506515
South America,,1994,135570,28517501,288305198
South America,,1995,139901,29076006,293086409
South America,,1996,144379,29641463,297849290
South America,,1997,149019,30209053,302585465
South America,,1998,154014,30765910,307279193
South America,,1999,159642,31294641,311910232
South America,,2000,166056,44464269,303781565
South America,,2001,173370,18343102,334817018
South America,,2002,181492,18675423,339276298
South America,,2003,189976,0,362619694
South America,,2004,198255,0,367167087
South America,,2005,205923,26432445,345166267
South America,,2006,212831,26850190,349059762
South America,,2007,219110,27247601,352858344
South America,,2008,224929,27635827,356578719
South America,,2009,230463,28031010,360241871
South America,,2010,235898,28439942,363867855
South America,,2011,241246,28887873,367442632
South America,,2012,246490,29360827,370974246
South America,,2013,251842,29781046,374529060
South America,,2014,257567,30042973,378193260
South America,,2015,263843,30081827,382017019
South America,,2016,270750,29851249,386042872
South America,,2017,278263,29402480,390223177
South America,,2018,286172,28887117,394407809
South America,,2019,294195,28515829,398389401
South America,,2020,302165,28435943,402021663
World,OWID_WRL,1800,482098625,502642526,0
World,OWID_WRL,1801,482484958,505143364,0
World,OWID_WRL,1802,483435771,507662967,0
World,OWID_WRL,1803,484408728,510201532,0
World,OWID_WRL,1804,485403961,512759279,0
World,OWID_WRL,1805,486421621,515336423,0
World,OWID_WRL,1806,487461890,517933177,0
World,OWID_WRL,1807,508691324,500383418,0
World,OWID_WRL,1808,513064481,499733032,0
World,OWID_WRL,1809,514536299,502027567,0
World,OWID_WRL,1810,516783593,505846604,0
World,OWID_WRL,1811,517578710,509908759,0
World,OWID_WRL,1812,519299844,514331292,0
World,OWID_WRL,1813,498870312,541573377,0
World,OWID_WRL,1814,500375657,547051635,0
World,OWID_WRL,1815,499753318,554832788,0
World,OWID_WRL,1816,501346485,560578028,0
World,OWID_WRL,1817,502998402,566448668,0
World,OWID_WRL,1818,503938181,573220371,0
World,OWID_WRL,1819,505834674,578923201,0
World,OWID_WRL,1820,506595141,586352281,0
World,OWID_WRL,1821,505316675,594014902,0
World,OWID_WRL,1822,500914023,605339760,0
World,OWID_WRL,1823,500390304,613124488,0
World,OWID_WRL,1824,497145894,623730275,0
World,OWID_WRL,1825,498229970,630112990,0
World,OWID_WRL,1826,501110542,634850646,0
World,OWID_WRL,1827,501570076,642114770,0
World,OWID_WRL,1828,504517468,646997954,0
World,OWID_WRL,1829,507491384,651407000,0
World,OWID_WRL,1830,507458406,659161453,0
World,OWID_WRL,1831,511418363,660848363,0
World,OWID_WRL,1832,512679976,665536322,0
World,OWID_WRL,1833,515656043,668018952,0
World,OWID_WRL,1834,518662256,670532609,0
World,OWID_WRL,1835,521699070,673077951,0
World,OWID_WRL,1836,524766930,675655656,0
World,OWID_WRL,1837,527866308,678266413,0
World,OWID_WRL,1838,530997673,680910944,0
World,OWID_WRL,1839,534464167,683148632,0
World,OWID_WRL,1840,538508376,685610316,0
World,OWID_WRL,1841,540512798,688308691,0
World,OWID_WRL,1842,543736878,690596875,0
World,OWID_WRL,1843,546989526,692796711,0
World,OWID_WRL,1844,550155102,695164815,0
World,OWID_WRL,1845,553496656,697439772,0
World,OWID_WRL,1846,556884788,699752675,0
World,OWID_WRL,1847,559991838,702432882,0
World,OWID_WRL,1848,561128338,707171667,0
World,OWID_WRL,1849,564523471,708871463,0
World,OWID_WRL,1850,568828811,709869359,0
World,OWID_WRL,1851,570823935,710220176,0
World,OWID_WRL,1852,573721975,709883148,0
World,OWID_WRL,1853,576540717,708864640,0
World,OWID_WRL,1854,579396768,707921095,0
World,OWID_WRL,1855,563897662,725446424,0
World,OWID_WRL,1856,566839042,724646513,0
World,OWID_WRL,1857,569702617,724041279,0
World,OWID_WRL,1858,605631777,690489033,0
World,OWID_WRL,1859,600318529,698556255,0
World,OWID_WRL,1860,982788919,320366344,0
World,OWID_WRL,1861,956170266,349320505,0
World,OWID_WRL,1862,587049046,722297978,0
World,OWID_WRL,1863,590252521,723303766,0
World,OWID_WRL,1864,590022559,727828008,0
World,OWID_WRL,1865,593256212,728967116,0
World,OWID_WRL,1866,596516005,730158067,0
World,OWID_WRL,1867,590188467,741022135,0
World,OWID_WRL,1868,559346476,776485426,0
World,OWID_WRL,1869,562376880,778663122,0
World,OWID_WRL,1870,566630867,781523405,0
World,OWID_WRL,1871,568174944,785011003,0
World,OWID_WRL,1872,570952265,789238884,0
World,OWID_WRL,1873,573626150,794152304,0
World,OWID_WRL,1874,576315220,799125955,0
World,OWID_WRL,1875,579046647,804160798,0
World,OWID_WRL,1876,581799665,809257837,0
World,OWID_WRL,1877,584544302,814418094,0
World,OWID_WRL,1878,585379386,821559620,0
World,OWID_WRL,1879,585609281,829847226,0
World,OWID_WRL,1880,590639528,835359125,0
World,OWID_WRL,1881,593256228,840997716,0
World,OWID_WRL,1882,597795014,846764308,0
World,OWID_WRL,1883,602804264,852660296,0
World,OWID_WRL,1884,607878709,858628785,0
World,OWID_WRL,1885,613073119,864671244,0
World,OWID_WRL,1886,618306696,870789197,0
World,OWID_WRL,1887,623625559,876984211,0
World,OWID_WRL,1888,629001889,883257922,0
World,OWID_WRL,1889,633914605,889768594,0
World,OWID_WRL,1890,639943779,896518208,0
World,OWID_WRL,1891,642344118,903508670,0
World,OWID_WRL,1892,645820645,910741806,0
World,OWID_WRL,1893,648806869,917516295,703071
World,OWID_WRL,1894,651847040,925069665,716764
World,OWID_WRL,1895,654953296,932713623,730724
World,OWID_WRL,1896,658061187,940449540,744956
World,OWID_WRL,1897,661226958,948278815,759465
World,OWID_WRL,1898,664428556,956202865,774257
World,OWID_WRL,1899,668072564,964356883,790405
World,OWID_WRL,1900,671627853,974969205,807964
World,OWID_WRL,1901,670589793,987368861,826989
World,OWID_WRL,1902,673608857,994292379,4663146
World,OWID_WRL,1903,678520613,1003747593,4744599
World,OWID_WRL,1904,683765004,1013054848,4827552
World,OWID_WRL,1905,689078224,1022482792,4912035
World,OWID_WRL,1906,705353888,1021142819,4998077
World,OWID_WRL,1907,710680704,1030970440,5085710
World,OWID_WRL,1908,716363723,1040661521,5174963
World,OWID_WRL,1909,721421955,1050377708,5268085
World,OWID_WRL,1910,727348127,1060610295,5365170
World,OWID_WRL,1911,1153187446,646266920,5466318
World,OWID_WRL,1912,731692450,1080726871,5571631
World,OWID_WRL,1913,1177960789,644362174,8138224
World,OWID_WRL,1914,740320339,1094536562,8274688
World,OWID_WRL,1915,738887907,1105585680,11475440
World,OWID_WRL,1916,753205637,1103992684,11653183
World,OWID_WRL,1917,740320857,1126632150,14900169
World,OWID_WRL,1918,782279265,1018495030,94262747
World,OWID_WRL,1919,728690493,1015306448,165047368
World,OWID_WRL,1920,724995078,902915218,298307129
World,OWID_WRL,1921,728115142,902552688,308919996
World,OWID_WRL,1922,722477930,917795064,315698637
World,OWID_WRL,1923,716089982,938384856,318582336
World,OWID_WRL,1924,723245341,945661936,321509108
World,OWID_WRL,1925,719239289,964316463,324496336
World,OWID_WRL,1926,724475313,1002165485,299304583
World,OWID_WRL,1927,732279196,1009910721,301907153
World,OWID_WRL,1928,740200500,1017791188,304552284
World,OWID_WRL,1929,748678833,1025914217,307090418
World,OWID_WRL,1930,761531195,1033015204,309520979
World,OWID_WRL,1931,768769636,1017898452,335508498
World,OWID_WRL,1932,787119160,1016676572,339721793
World,OWID_WRL,1933,798337330,1099568470,267634628
World,OWID_WRL,1934,809719420,1113502256,264615117
World,OWID_WRL,1935,808767287,1135212159,266433526
World,OWID_WRL,1936,823126519,1141982354,268258528
World,OWID_WRL,1937,834541457,1177080752,245049657
World,OWID_WRL,1938,852923663,1180785719,246633525
World,OWID_WRL,1939,1425863091,642924784,234308563
World,OWID_WRL,1940,1476484818,625752915,225120006
World,OWID_WRL,1941,1512334394,605103225,227350915
World,OWID_WRL,1942,1493732985,640322634,229831492
World,OWID_WRL,1943,1503715754,643408045,234635140
World,OWID_WRL,1944,1566128133,596099910,237431877
World,OWID_WRL,1945,1529609176,616615273,271189251
World,OWID_WRL,1946,1019862644,983356030,431829928
World,OWID_WRL,1947,982103754,1047735957,424206120
World,OWID_WRL,1948,881395293,1125861904,467390893
World,OWID_WRL,1949,880788452,1138949094,481084223
World,OWID_WRL,1950,434320521,1200490191,901795096
World,OWID_WRL,1951,440022225,1228849575,915162423
World,OWID_WRL,1952,447489506,1160354086,1023018096
World,OWID_WRL,1953,455394854,1189008911,1033205294
World,OWID_WRL,1954,461869164,1212818882,1050158705
World,OWID_WRL,1955,465504754,1162619740,1144895421
World,OWID_WRL,1956,452872811,1236006953,1133563489
World,OWID_WRL,1957,448086222,1351130291,1074089542
World,OWID_WRL,1958,453422785,1363760990,1108502903
World,OWID_WRL,1959,462445609,1383650501,1133480033
World,OWID_WRL,1960,366959270,1419816089,1248384821
World,OWID_WRL,1961,361221439,1455134887,1275487180
World,OWID_WRL,1962,341069044,1562712307,1246639408
World,OWID_WRL,1963,339509246,1576931852,1294559843
World,OWID_WRL,1964,338277194,1698624149,1237076928
World,OWID_WRL,1965,337341258,1766172031,1236070220
World,OWID_WRL,1966,341032233,1874144503,1192745894
World,OWID_WRL,1967,347193396,1930397442,1201179264
World,OWID_WRL,1968,351754059,1992289457,1207555916
World,OWID_WRL,1969,357598343,2054057005,1214025616
World,OWID_WRL,1970,369824703,2093200322,1237660651
World,OWID_WRL,1971,308841131,2197169936,1269748963
World,OWID_WRL,1972,305550442,2205064455,1341035688
World,OWID_WRL,1973,309178089,2242077767,1376524662
World,OWID_WRL,1974,312764469,2281623225,1409406484
World,OWID_WRL,1975,302231627,2297917139,1479331707
World,OWID_WRL,1976,250576963,2461723034,1442366827
World,OWID_WRL,1977,252442351,2559112804,1417950762
World,OWID_WRL,1978,254258761,2609714566,1440560270
World,OWID_WRL,1979,256163221,2565598258,1558744701
World,OWID_WRL,1980,258466945,2635155981,1564652026
World,OWID_WRL,1981,260216028,2697455251,1579325337
World,OWID_WRL,1982,262345443,2740036615,1615004466
World,OWID_WRL,1983,264597582,2746355113,1688616489
World,OWID_WRL,1984,266912813,2792640336,1724458363
World,OWID_WRL,1985,269173860,2726083147,1875664658
World,OWID_WRL,1986,271797560,2701221352,1987549086
World,OWID_WRL,1987,274529786,2758940202,2019052006
World,OWID_WRL,1988,277273849,2672935565,2195216578
World,OWID_WRL,1989,279898362,2708029496,2249513575
World,OWID_WRL,1990,187604063,2747969065,2391955950
World,OWID_WRL,1991,28895464,2786304329,2599089589
World,OWID_WRL,1992,28777513,2610017627,2860124751
World,OWID_WRL,1993,26536886,2628629595,2926431115
World,OWID_WRL,1994,26528643,2596996012,3039625771
World,OWID_WRL,1995,26724840,2636151722,3081336367
World,OWID_WRL,1996,23331628,2666110118,3135450181
World,OWID_WRL,1997,23786119,2683154787,3198104741
World,OWID_WRL,1998,24377983,2721475241,3238940848
World,OWID_WRL,1999,24968973,2824483194,3214786863
World,OWID_WRL,2000,25799644,2751939424,3366037553
World,OWID_WRL,2001,47897216,2739221410,3435793833
World,OWID_WRL,2002,48413316,2757728841,3495920053
World,OWID_WRL,2003,75541162,2751018264,3554917866
World,OWID_WRL,2004,52957777,2825155056,3583341820
World,OWID_WRL,2005,54049962,2880584372,3607570996
World,OWID_WRL,2006,54506116,2979539829,3589773456
World,OWID_WRL,2007,55562420,3160990932,3489697887
World,OWID_WRL,2008,56649086,2991160553,3741586741
World,OWID_WRL,2009,28854799,2956052741,3888170268
World,OWID_WRL,2010,29396382,3006858367,3920882772
World,OWID_WRL,2011,26299472,2965617946,4049592073
World,OWID_WRL,2012,20209309,3028233641,4077701727
World,OWID_WRL,2013,20358818,3069271630,4121269709
World,OWID_WRL,2014,26861199,3326244315,3942504751
World,OWID_WRL,2015,53546812,3139816782,4186754276
World,OWID_WRL,2016,54411042,3265469357,4144463833
World,OWID_WRL,2017,55278115,3519383007,3973521467
World,OWID_WRL,2018,55830381,3560155300,4015105429
World,OWID_WRL,2019,56726613,3585142672,4071598918
World,OWID_WRL,2020,57649338,3627090253,4110059134